{"stat.walkOneCm":64106,"stat.useItem.minecraft.structure_void":42,"stat.leaveGame":2,"stat.killEntity.Slime":1,"stat.drop.minecraft.dirt":1,"stat.drop.minecraft.bedrock":1,"stat.jump":49,"stat.crouchOneCm":893,"stat.pickup.minecraft.dirt":1,"stat.useItem.minecraft.dirt":7,"stat.sprintOneCm":7051,"stat.useItem.minecraft.stone_slab2":300,"stat.pickup.minecraft.grass":1,"stat.mobKills":1,"stat.flyOneCm":73551,"stat.drop":4,"stat.playOneMinute":25513,"stat.sneakTime":876,"stat.damageDealt":10,"stat.useItem.minecraft.wool":38,"stat.timeSinceDeath":25513,"stat.drop.minecraft.grass":1}