{"stat.chestOpened":5,"stat.walkOneCm":52004,"stat.useItem.minecraft.stone_slab":67,"stat.leaveGame":3,"stat.useItem.minecraft.vine":1,"stat.useItem.minecraft.stone_brick_stairs":23,"stat.useItem.minecraft.stonebrick":181,"stat.pickup.minecraft.lapis_block":1,"stat.useItem.minecraft.potion":3,"stat.flyOneCm":148276,"stat.useItem.minecraft.cobblestone_wall":25,"stat.jump":89,"stat.swimOneCm":148,"stat.playOneMinute":38418,"stat.climbOneCm":888,"stat.pickup.minecraft.glowstone":1,"stat.sneakTime":1741,"stat.crouchOneCm":1898,"stat.useItem.minecraft.wool":53,"stat.timeSinceDeath":38418,"stat.useItem.minecraft.dirt":2,"stat.sprintOneCm":15590,"stat.useItem.minecraft.stone_slab2":121,"stat.useItem.minecraft.water_bucket":1}