{"stat.flyOneCm":42560,"stat.walkOneCm":53669,"stat.drop.minecraft.bedrock":1,"stat.drop":4,"stat.useItem.minecraft.structure_void":32,"stat.jump":37,"stat.playOneMinute":20344,"stat.leaveGame":1,"stat.sneakTime":597,"stat.pickup.minecraft.grass":1,"stat.killEntity.Slime":1,"stat.damageDealt":10,"stat.crouchOneCm":328,"stat.useItem.minecraft.wool":38,"stat.drop.minecraft.dirt":1,"stat.timeSinceDeath":20344,"stat.pickup.minecraft.dirt":1,"stat.useItem.minecraft.dirt":7,"stat.sprintOneCm":6969,"stat.mobKills":1,"stat.useItem.minecraft.stone_slab2":245,"stat.drop.nerysfeaturesmod.sakurasaplingitem":1,"stat.drop.minecraft.grass":1}